"scan_id","ai_summary","ai_remediation_plan","ai_issues_json","tokens_used","ai_model","processing_time"
"b600e28b-cc5f-402b-a5d6-25dbcf7b9eb4","This Clash of Clans base layout website has three accessibility issues detected by automated testing. The most serious concern is a color contrast violation that affects users with low vision or color blindness, making text difficult or impossible to read. Additionally, there's a link without discernible text that prevents screen reader users from understanding where the link leads, and an image missing alternative text that hides visual information from blind users.

While the page structure appears reasonably accessible with proper heading hierarchy and semantic landmarks (banner, main, navigation, contentinfo), these three issues create barriers for users who rely on assistive technologies. The color contrast issue is particularly impactful as it affects a larger population of users, including those with aging eyes or viewing the site in bright sunlight. The missing link text and image alt text issues, while affecting fewer users, completely block access to those specific pieces of functionality and content for screen reader users.

Based on the accessibility tree snapshot, the site has made good efforts in many areas - navigation links have proper text, most images have alt attributes, and interactive elements like buttons are labeled. These three issues appear to be oversights rather than systemic problems, making them relatively straightforward to remediate.","QUICK WINS (Can fix immediately, high impact):
- Add alt text to the image missing its alternative text description
- Add accessible text to the link that currently has no discernible name (using aria-label, visually hidden text, or visible text)
- Both fixes require only adding a single attribute or text content

SHORT TERM (Within 1 week):
- Audit and fix the color contrast issue by either darkening the text color or lightening the background
- Use a contrast checking tool to verify the fix meets WCAG AA minimum ratio of 4.5:1
- Consider implementing a design system with pre-approved accessible color combinations to prevent future contrast issues

LONG TERM (Ongoing improvements):
- Add automated accessibility testing to the CI/CD pipeline to catch these issues before deployment
- Train development team on common accessibility patterns for links with icons (always provide text alternatives)
- Conduct a full manual accessibility audit including keyboard navigation testing and screen reader testing
- Consider adding a high contrast mode toggle for users who need additional visual assistance","[{""issueId"":""5b8e380b-a4b9-44f9-8dd8-35667255d331"",""aiExplanation"":""This link contains only an icon with no text, which means screen reader users hear something like 'link' with no indication of where the link goes. Keyboard users who tab to this link also get no information about its destination. This creates a frustrating guessing game for users who cannot see the icon, potentially leading them to navigate away from the page entirely rather than risk clicking an unknown link."",""aiFixSuggestion"":""Add accessible text to the link using one of these approaches:\n\nOption 1 - Add aria-label (best for icon-only links):\nBefore:\n<a href=\""/page\""><i class=\""icon\""></i></a>\n\nAfter:\n<a href=\""/page\"" aria-label=\""View page details\""><i class=\""icon\""></i></a>\n\nOption 2 - Add visually hidden text (allows for more descriptive text):\nBefore:\n<a href=\""/page\""><i class=\""icon\""></i></a>\n\nAfter:\n<a href=\""/page\"">\n  <i class=\""icon\"" aria-hidden=\""true\""></i>\n  <span class=\""sr-only\"">View page details</span>\n</a>\n\nNote: The sr-only class should use CSS to visually hide text while keeping it accessible:\n.sr-only { position: absolute; width: 1px; height: 1px; padding: 0; margin: -1px; overflow: hidden; clip: rect(0,0,0,0); border: 0; }"",""aiPriority"":7},{""issueId"":""84040b32-0e72-4b58-b16e-0bf9c37e512d"",""aiExplanation"":""This text has insufficient color contrast between the foreground and background colors, with a ratio of only 3.5:1 when 4.5:1 is required for normal text. This makes the text difficult to read for users with low vision, color blindness, or anyone viewing the page in challenging lighting conditions. Approximately 1 in 12 men and 1 in 200 women have some form of color vision deficiency, making this a widespread usability issue beyond just accessibility compliance."",""aiFixSuggestion"":""Increase the contrast ratio to at least 4.5:1 for normal text (or 3:1 for large text 18pt+ or 14pt bold+).\n\nBefore:\n<p class=\""low-contrast\"">Sample text with low contrast</p>\n/* CSS: .low-contrast { color: #767676; background: #ffffff; } - 3.5:1 ratio */\n\nAfter (option 1 - darken text):\n<p class=\""low-contrast\"">Sample text with low contrast</p>\n/* CSS: .low-contrast { color: #595959; background: #ffffff; } - 4.5:1 ratio */\n\nAfter (option 2 - darken background if design requires lighter text):\n/* CSS: .low-contrast { color: #767676; background: #f0f0f0; } */\n\nUse a contrast checker tool like WebAIM's Contrast Checker (https://webaim.org/resources/contrastchecker/) to verify your chosen colors meet the 4.5:1 minimum ratio."",""aiPriority"":8},{""issueId"":""0d0357d9-dfc5-44c8-9562-9deebdd6de6a"",""aiExplanation"":""This image is missing an alt attribute, which means screen reader users will either hear nothing, hear 'image', or hear the filename 'logo.png' - none of which convey the actual meaning or purpose of the image. If this is the site logo, blind users miss important branding information and may not realize they can use this element to navigate home. This is a fundamental accessibility requirement (WCAG 1.1.1 Non-text Content) that affects approximately 2.2 billion people globally with vision impairments."",""aiFixSuggestion"":""Add an alt attribute that describes the image's purpose or content.\n\nIf the image is the site logo and links to the homepage:\nBefore:\n<img src=\""logo.png\"">\n\nAfter:\n<img src=\""logo.png\"" alt=\""COC Layouts - Home\"">\n\nIf the image is purely decorative (does not convey information):\nBefore:\n<img src=\""logo.png\"">\n\nAfter:\n<img src=\""logo.png\"" alt=\""\"">\n\nIf the image conveys important information:\nBefore:\n<img src=\""logo.png\"">\n\nAfter:\n<img src=\""logo.png\"" alt=\""[Describe what the image shows and why it matters]\"">\n\nNote: Empty alt=\""\"" tells screen readers to skip the image entirely, which is appropriate only for decorative images. Never omit the alt attribute completely."",""aiPriority"":8}]","3600","claude-opus-4-5-20251101","45"
