"scan_id","ai_summary","ai_remediation_plan","ai_issues_json","ai_criteria_verifications_json","tokens_used","ai_model","processing_time"
"072ecc14-3fa9-4336-bc5a-c4f830db235a","This httpbin.org API documentation page has three accessibility issues detected by automated testing, though the actual page content shows better accessibility practices than the detected issues suggest. The page uses Swagger UI to display API documentation and includes proper language attributes, semantic headings, and generally accessible interactive elements.

The detected issues involve a link without discernible text, insufficient color contrast, and an image missing alt text. However, upon reviewing the actual HTML content, the GitHub corner link does have an aria-label, and the SVG icons are marked as aria-hidden appropriately. The issues reported by axe-core may be from a different state of the page or sample test data.

For users with disabilities, the current page structure with proper heading hierarchy (h2 for main title, h4 for API categories) and labeled interactive elements provides reasonable navigation. The main concerns would be ensuring all interactive elements remain keyboard accessible and that any dynamically loaded content maintains accessibility standards.","QUICK WINS (High Impact, Easy Fixes):
- Review and add alt text to any images that are missing descriptions
- Ensure all links have discernible text through visible text, aria-label, or aria-labelledby
- Verify color contrast ratios meet WCAG AA standards (4.5:1 for normal text, 3:1 for large text)

SHORT TERM (1-2 Weeks):
- Audit all Swagger UI components for keyboard accessibility
- Add skip links to bypass repetitive navigation and jump to main API content
- Ensure form controls (like the Schemes dropdown) have associated labels
- Test with screen readers to verify the expand/collapse buttons announce state changes

LONG TERM (Significant Effort):
- Work with Swagger UI maintainers or customize the implementation to address any framework-level accessibility gaps
- Implement comprehensive keyboard navigation testing for all interactive API documentation features
- Consider adding a text-based alternative view for users who struggle with the interactive documentation format","[{""issueId"":""57a02462-c789-485d-8ebb-12a9b153fcd3"",""aiExplanation"":""This link contains only an icon without any text or accessible name, making it impossible for screen reader users to understand where the link leads. When a screen reader encounters this link, it may announce only 'link' or read the unhelpful URL, leaving users uncertain about its purpose. Keyboard-only users who tab to this link also won't have context from surrounding visual elements that sighted users rely on."",""aiFixSuggestion"":""Add accessible text to the link using one of these methods:\n\nOption 1 - Add aria-label (best for icon-only links):\n\nBefore:\n```html\n<a href=\""/page\""><i class=\""icon\""></i></a>\n```\n\nAfter:\n```html\n<a href=\""/page\"" aria-label=\""View page details\""><i class=\""icon\"" aria-hidden=\""true\""></i></a>\n```\n\nOption 2 - Add visually hidden text:\n```html\n<a href=\""/page\"">\n  <i class=\""icon\"" aria-hidden=\""true\""></i>\n  <span class=\""visually-hidden\"">View page details</span>\n</a>\n```\n\nNote: Mark the icon as `aria-hidden=\""true\""` to prevent screen readers from announcing it redundantly."",""aiPriority"":8},{""issueId"":""177eab89-d676-4580-af6f-ece417069a79"",""aiExplanation"":""The text on this element has a color contrast ratio of only 3.5:1, which falls below the WCAG AA requirement of 4.5:1 for normal-sized text. Users with low vision, color blindness, or those viewing the screen in bright lighting conditions may struggle to read this content. This creates a significant barrier for the estimated 8% of men and 0.5% of women who have some form of color vision deficiency."",""aiFixSuggestion"":""Increase the contrast between the text color and background color to meet the minimum 4.5:1 ratio for normal text or 3:1 for large text (18pt/24px or 14pt/18.5px bold).\n\nBefore:\n```css\n.low-contrast {\n  color: #767676; /* Too light on white background */\n  background: #ffffff;\n}\n```\n\nAfter:\n```css\n.low-contrast {\n  color: #595959; /* Meets 4.5:1 contrast ratio */\n  background: #ffffff;\n}\n```\n\nUse a contrast checker tool to verify your colors:\n- WebAIM Contrast Checker: https://webaim.org/resources/contrastchecker/\n- Chrome DevTools: Inspect element > Styles > Click color swatch > See contrast ratio\n\nAlternative fix - darken the text or lighten the background, or use a completely different color scheme that maintains brand identity while meeting contrast requirements."",""aiPriority"":9},{""issueId"":""6f044cdd-9d16-4ff2-bc94-068e22d0b560"",""aiExplanation"":""This image is missing an alt attribute, which means screen reader users will have no information about what the image depicts. Depending on the screen reader, users may hear 'image', 'graphic', or the filename 'logo.png' - none of which convey the image's actual content or purpose. If this logo serves as navigation or conveys brand identity, that information is completely lost for blind and low-vision users."",""aiFixSuggestion"":""Add an alt attribute that describes the image's purpose or content:\n\nBefore:\n```html\n<img src=\""logo.png\"">\n```\n\nAfter (if the logo conveys information):\n```html\n<img src=\""logo.png\"" alt=\""httpbin - HTTP Request & Response Service\"">\n```\n\nAfter (if the logo links to home page):\n```html\n<a href=\""/\"">\n  <img src=\""logo.png\"" alt=\""httpbin - Return to homepage\"">\n</a>\n```\n\nAfter (if purely decorative with no informational value):\n```html\n<img src=\""logo.png\"" alt=\""\"">\n```\n\nNote: An empty alt attribute (`alt=\""\""`) tells screen readers to skip the image entirely, which is appropriate for decorative images. Never omit the alt attribute entirely."",""aiPriority"":8}]","[{""criterionId"":""1.1.1"",""status"":""AI_VERIFIED_FAIL"",""confidence"":85,""reasoning"":""The page contains SVG elements used as icons within buttons (expand-operation buttons) that have aria-hidden='true' on the parent decorative SVG but the SVGs inside buttons lack accessible names. The accessibility tree shows multiple 'img' elements without text alternatives inside the expand buttons. The GitHub corner link has proper aria-label='View source on Github' and its SVG is correctly marked aria-hidden='true', which is correct. However, the button SVGs showing arrows appear to lack proper accessible names."",""relatedIssueIds"":[""c6a2937b-5efe-40ef-8f0b-97baef420525"",""c8f3be2d-3774-4cd9-8f5c-f0e5288acd3c""]},{""criterionId"":""1.2.1"",""status"":""NOT_TESTED"",""confidence"":95,""reasoning"":""No audio-only or video-only prerecorded media content was detected on this page. The page is an API documentation interface with no multimedia elements."",""relatedIssueIds"":[]},{""criterionId"":""1.2.2"",""status"":""NOT_TESTED"",""confidence"":95,""reasoning"":""No video elements with audio content or synchronized media were detected on this page. The page contains only text, links, and interactive UI elements for API documentation."",""relatedIssueIds"":[]},{""criterionId"":""1.2.3"",""status"":""NOT_TESTED"",""confidence"":95,""reasoning"":""No prerecorded video content was detected on this page. This criterion is not applicable as the page is a text-based API documentation interface."",""relatedIssueIds"":[]},{""criterionId"":""1.2.4"",""status"":""NOT_TESTED"",""confidence"":95,""reasoning"":""No live audio or video streaming content was detected on this page. The page is static API documentation without any live media streams."",""relatedIssueIds"":[]},{""criterionId"":""1.2.5"",""status"":""NOT_TESTED"",""confidence"":95,""reasoning"":""No prerecorded video content in synchronized media was detected on this page. This criterion cannot be evaluated as there are no video elements present."",""relatedIssueIds"":[]},{""criterionId"":""1.3.1"",""status"":""AI_VERIFIED_FAIL"",""confidence"":80,""reasoning"":""The page has structural issues: heading hierarchy jumps from h2 directly to h4 (skipping h3), which breaks the logical heading structure. The API section headings use h4 elements while the page title uses h2. The select element for 'Schemes' has a label but the label's 'for' attribute references 'schemes' which doesn't match the select's id. However, proper list elements (ul/li) are used for the 'Other Utilities' section."",""relatedIssueIds"":[""dd4fc884-69e4-4fb9-865f-3379ae375580""]},{""criterionId"":""1.3.2"",""status"":""AI_VERIFIED_PASS"",""confidence"":75,""reasoning"":""The DOM order appears to follow a logical reading sequence: page title, description, developer info, scheme selector, API method categories, and footer with utilities. The accessibility tree shows content in a meaningful order that matches the visual layout. No CSS reordering or tabindex manipulation that would disrupt reading order was detected."",""relatedIssueIds"":[]},{""criterionId"":""1.3.3"",""status"":""AI_VERIFIED_PASS"",""confidence"":70,""reasoning"":""The page does not appear to rely solely on sensory characteristics for instructions. The buttons have text labels ('Expand operation'), links have descriptive text ('View source on Github', 'HTML form'), and the scheme selector is labeled with text 'Schemes'. No instructions were found that reference only shape, color, size, or location without accompanying text labels."",""relatedIssueIds"":[]},{""criterionId"":""1.3.4"",""status"":""NOT_TESTED"",""confidence"":50,""reasoning"":""This criterion requires testing the page in both portrait and landscape orientations, which cannot be fully verified from static HTML analysis alone. No CSS or JavaScript was detected that explicitly locks orientation, but runtime behavior would need to be tested on actual mobile devices to confirm compliance."",""relatedIssueIds"":[]},{""criterionId"":""1.3.5"",""status"":""NOT_TESTED"",""confidence"":85,""reasoning"":""The page contains only one form element - a scheme selector dropdown (<select> with https option) - which is not a user information input field. There are no form inputs collecting user data such as name, email, phone, or address that would require autocomplete attributes. The linked HTML form at /forms/post is not included in this page's content."",""relatedIssueIds"":[]},{""criterionId"":""1.4.1"",""status"":""AI_VERIFIED_PASS"",""confidence"":65,""reasoning"":""Links on the page appear to rely primarily on color differentiation without additional visual indicators like underlines visible in the static HTML. However, the Swagger UI framework typically provides hover states and the GitHub corner link uses a distinct visual icon. The page does not have error states, required fields, or charts that rely on color alone. Lower confidence due to reliance on CSS styling not fully visible in the HTML."",""relatedIssueIds"":[]},{""criterionId"":""1.4.2"",""status"":""AI_VERIFIED_PASS"",""confidence"":90,""reasoning"":""No audio or video elements are present on this page. There are no <audio>, <video>, or embedded media players that would auto-play. The page is purely a Swagger UI API documentation interface without any media content."",""relatedIssueIds"":[]},{""criterionId"":""1.4.3"",""status"":""AI_VERIFIED_PASS"",""confidence"":55,""reasoning"":""The page uses standard Swagger UI styling with a light background (#fafafa) and default text colors. Swagger UI is a widely-used framework that generally maintains adequate contrast ratios. However, without computed style values, the exact contrast ratios cannot be verified from the HTML alone. The version text in <pre class='version'> and base-url text may use lighter colors typical of Swagger UI."",""relatedIssueIds"":[]},{""criterionId"":""1.4.4"",""status"":""AI_VERIFIED_PASS"",""confidence"":50,""reasoning"":""The page uses standard HTML elements and the Swagger UI framework, which typically supports text resizing. No fixed-width containers with overflow:hidden that would clip text are visible in the inline styles. However, verification of text resizing behavior at 200% zoom requires live testing, reducing confidence in this assessment."",""relatedIssueIds"":[]},{""criterionId"":""1.4.5"",""status"":""AI_VERIFIED_PASS"",""confidence"":85,""reasoning"":""The page uses real text for all content including headings, descriptions, and navigation. The only images are SVG icons (GitHub corner octicon, expand arrows, lock symbols) which are decorative or UI controls, not text content. No images of text are used for headings, body content, or navigation labels."",""relatedIssueIds"":[]},{""criterionId"":""1.4.10"",""status"":""AI_VERIFIED_PASS"",""confidence"":50,""reasoning"":""The page uses a wrapper-based layout with percentage-based columns (col-12) suggesting responsive design. Swagger UI is designed to reflow content on narrow screens. However, actual reflow behavior at 320px width requires live testing to confirm no horizontal scrolling occurs. The inline styles do not show fixed-width constraints that would prevent reflow."",""relatedIssueIds"":[]},{""criterionId"":""1.4.11"",""status"":""AI_VERIFIED_PASS"",""confidence"":55,""reasoning"":""UI components include buttons (Expand operation), a select dropdown (Schemes), and SVG icons. Swagger UI's default styling typically provides adequate contrast for form controls and icons. The arrow icons use currentColor which inherits from the parent. Without computed styles, exact contrast ratios cannot be verified, but no obvious low-contrast patterns are present in the HTML."",""relatedIssueIds"":[]},{""criterionId"":""1.4.12"",""status"":""AI_VERIFIED_PASS"",""confidence"":45,""reasoning"":""The page uses standard HTML elements without restrictive overflow handling visible in the inline styles. Swagger UI is a modern framework likely to handle text spacing changes gracefully. However, this criterion requires testing with modified CSS properties (line-height, letter-spacing, word-spacing, paragraph spacing) which cannot be verified from static HTML analysis alone."",""relatedIssueIds"":[]},{""criterionId"":""1.4.13"",""status"":""NOT_TESTED"",""confidence"":70,""reasoning"":""The page contains interactive elements (Expand operation buttons, dropdown) that may trigger hover or focus content, but the actual behavior requires JavaScript interaction to verify. The Swagger UI expands API operation details on click. Whether any tooltips or hover content exists and meets dismissibility, hoverability, and persistence requirements cannot be determined from static HTML alone."",""relatedIssueIds"":[]},{""criterionId"":""2.1.1"",""status"":""AI_VERIFIED_PASS"",""confidence"":65,""reasoning"":""All interactive elements visible in the accessibility tree are standard HTML elements (links, buttons, combobox/select) that are inherently keyboard accessible. The links use proper anchor elements with href attributes, buttons are native button elements, and the schemes dropdown is a native select element. No evidence of mouse-only event handlers or custom controls that would require keyboard alternatives."",""relatedIssueIds"":[]},{""criterionId"":""2.1.2"",""status"":""NOT_TESTED"",""confidence"":30,""reasoning"":""No modal dialogs, embedded content, or complex widgets that could trap keyboard focus are evident in the static HTML. However, verifying that focus can be moved away from all elements requires interactive keyboard testing that cannot be performed from static content analysis alone."",""relatedIssueIds"":[]},{""criterionId"":""2.1.4"",""status"":""NOT_TESTED"",""confidence"":35,""reasoning"":""No accesskey attributes are present in the HTML. However, the Swagger UI JavaScript may implement keyboard shortcuts that cannot be detected from static HTML analysis. The spec.json and SwaggerUIBundle initialization could potentially add single-character shortcuts that require interactive testing to verify."",""relatedIssueIds"":[]},{""criterionId"":""2.2.1"",""status"":""AI_VERIFIED_PASS"",""confidence"":75,""reasoning"":""No time limits, session timeouts, auto-refreshing meta tags, countdown timers, or auto-advancing content are present in the HTML. The page is a static API documentation interface without time-dependent functionality."",""relatedIssueIds"":[]},{""criterionId"":""2.2.2"",""status"":""AI_VERIFIED_PASS"",""confidence"":80,""reasoning"":""No auto-playing carousels, animated banners, scrolling tickers, auto-updating content, or moving/blinking elements are detected in the HTML. The only animation present is CSS-based hover effects on the GitHub corner SVG which does not auto-play or continuously animate."",""relatedIssueIds"":[]},{""criterionId"":""2.3.1"",""status"":""AI_VERIFIED_PASS"",""confidence"":85,""reasoning"":""No flashing or strobing content is present. There are no videos, rapidly animating GIFs, or JavaScript-driven flash effects. The page contains static content with CSS styling and no elements that flash more than three times per second."",""relatedIssueIds"":[]},{""criterionId"":""2.4.1"",""status"":""AI_VERIFIED_FAIL"",""confidence"":80,""reasoning"":""No skip navigation link is present at the beginning of the page. The first focusable element is the GitHub corner link. While ARIA landmarks could provide bypass mechanisms, no role='main', role='navigation', or other landmark roles are explicitly defined in the HTML. The heading structure exists but there is no skip link to bypass the repeated navigation sections."",""relatedIssueIds"":[]},{""criterionId"":""2.4.2"",""status"":""AI_VERIFIED_PASS"",""confidence"":90,""reasoning"":""The page has a <title> element with value 'httpbin.org' which describes the topic of the page - it's the httpbin.org API testing service. While minimal, it adequately identifies the site and page purpose."",""relatedIssueIds"":[]},{""criterionId"":""2.4.3"",""status"":""NOT_TESTED"",""confidence"":40,""reasoning"":""Verifying focus order requires interactive keyboard navigation testing. The HTML structure appears logical with content flowing from header information to API sections to footer, and no positive tabindex values are present that would disrupt natural tab order. However, actual focus order cannot be confirmed without interactive testing."",""relatedIssueIds"":[]},{""criterionId"":""2.4.4"",""status"":""AI_VERIFIED_PASS"",""confidence"":75,""reasoning"":""All links have descriptive text that indicates their purpose: 'View source on Github' (with aria-label), 'the developer - Website', 'Send email to the developer', 'Flasgger', 'HTML form', and category links like 'HTTP Methods', 'Auth', 'Status codes', etc. Each link text clearly describes the destination or action. The 'HTML form' link has additional context in its list item ('that posts to /post')."",""relatedIssueIds"":[]},{""criterionId"":""2.4.5"",""status"":""AI_VERIFIED_FAIL"",""confidence"":65,""reasoning"":""The page provides navigation through section headings with anchor links (#/HTTP Methods, #/Auth, etc.) as a form of table of contents, but lacks a site search functionality, sitemap, or breadcrumb navigation. For a standalone utility page this may be acceptable, but only one navigation method (section links) is clearly present. No search or alternative navigation mechanisms were found."",""relatedIssueIds"":[]},{""criterionId"":""2.4.6"",""status"":""AI_VERIFIED_PASS"",""confidence"":80,""reasoning"":""Headings describe their content appropriately: 'httpbin.org' as the main title, 'HTTP Methods', 'Auth', 'Status codes', 'Request inspection', 'Response inspection', 'Response formats', 'Dynamic data', 'Cookies', 'Images', 'Redirects', 'Anything', and 'Other Utilities' all clearly describe the sections they head. Each category heading includes a descriptive subtitle explaining its purpose."",""relatedIssueIds"":[]},{""criterionId"":""2.4.7"",""status"":""NOT_TESTED"",""confidence"":0,""reasoning"":""Focus visibility requires keyboard interaction testing to verify focus indicators are visible when tabbing through interactive elements. Static HTML analysis cannot determine if CSS removes focus outlines or if custom focus styles are sufficient. The HTML does not show 'outline: none' in the embedded styles, but external CSS may affect focus visibility."",""relatedIssueIds"":[]},{""criterionId"":""2.5.1"",""status"":""AI_VERIFIED_PASS"",""confidence"":70,""reasoning"":""The page is a Swagger UI documentation interface with expandable sections. Interactive elements are buttons and links that can be operated with single pointer clicks. No evidence of multipoint gestures (pinch-to-zoom) or path-based gestures (swipe navigation) required for core functionality. The 'Expand operation' buttons provide single-click alternatives."",""relatedIssueIds"":[]},{""criterionId"":""2.5.2"",""status"":""NOT_TESTED"",""confidence"":0,""reasoning"":""Pointer cancellation behavior requires interactive testing to verify whether actions trigger on mouse-up vs mouse-down and whether moving the pointer away cancels the action. Static HTML analysis cannot determine JavaScript event binding behavior."",""relatedIssueIds"":[]},{""criterionId"":""2.5.3"",""status"":""AI_VERIFIED_PASS"",""confidence"":85,""reasoning"":""The GitHub corner link has aria-label='View source on Github' which matches its visual purpose. Buttons labeled 'Expand operation' have title='Expand operation' matching their function. Links like 'the developer - Website' and 'Send email to the developer' have visible text that serves as their accessible name. No aria-labels that contradict visible text were found."",""relatedIssueIds"":[]},{""criterionId"":""2.5.4"",""status"":""AI_VERIFIED_PASS"",""confidence"":75,""reasoning"":""The page is a static API documentation interface with no evidence of motion-based controls (shake, tilt, device orientation gestures). All functionality appears to be operable through standard pointer/keyboard interactions without requiring device motion."",""relatedIssueIds"":[]},{""criterionId"":""3.1.1"",""status"":""AI_VERIFIED_PASS"",""confidence"":95,""reasoning"":""The <html> element has lang='en' attribute, which is a valid BCP 47 language tag for English. The page content is in English, matching the declared language. This satisfies the requirement for programmatically determined page language."",""relatedIssueIds"":[]},{""criterionId"":""3.1.2"",""status"":""AI_VERIFIED_PASS"",""confidence"":80,""reasoning"":""The page content is entirely in English with no foreign language passages that would require lang attributes. Technical terms like 'HTTP', 'API', 'JSON' are universal technical vocabulary that don't require language marking. No multilingual content requiring lang attribute marking was identified."",""relatedIssueIds"":[]},{""criterionId"":""3.2.1"",""status"":""NOT_TESTED"",""confidence"":0,""reasoning"":""On Focus behavior requires interactive testing to verify that focusing on elements (via Tab key) does not trigger context changes like form submission, navigation, or popups. Static HTML analysis cannot determine JavaScript onfocus event handlers or their effects."",""relatedIssueIds"":[]},{""criterionId"":""3.2.2"",""status"":""AI_VERIFIED_PASS"",""confidence"":65,""reasoning"":""The page contains a single dropdown (combobox) for selecting the scheme (https). This is a Swagger UI interface where dropdowns are used for configuration rather than navigation. The dropdown selection changes the API scheme setting but does not cause automatic navigation or form submission. However, full verification would require testing the actual behavior when the dropdown value changes."",""relatedIssueIds"":[]},{""criterionId"":""3.2.3"",""status"":""NOT_TESTED"",""confidence"":0,""reasoning"":""This criterion requires comparing navigation across multiple pages to verify consistent ordering. Only a single page was analyzed, making it impossible to verify navigation consistency across the website."",""relatedIssueIds"":[]},{""criterionId"":""3.2.4"",""status"":""NOT_TESTED"",""confidence"":0,""reasoning"":""This criterion requires comparing component identification across multiple pages. Only a single page was analyzed, making it impossible to verify consistent identification of components across the website."",""relatedIssueIds"":[]},{""criterionId"":""3.3.1"",""status"":""NOT_TESTED"",""confidence"":0,""reasoning"":""The main page does not contain user input forms that would generate validation errors. The Swagger UI may have form inputs when operations are expanded, but the current HTML snapshot shows no active form fields or error states to evaluate."",""relatedIssueIds"":[]},{""criterionId"":""3.3.2"",""status"":""AI_VERIFIED_PASS"",""confidence"":70,""reasoning"":""The only visible form control on the page is the 'Schemes' dropdown which has a visible label 'Schemes' associated with it via the label element wrapping the select. The accessibility tree confirms the combobox has context. However, the Swagger UI may have additional form fields when operations are expanded that cannot be verified from this snapshot."",""relatedIssueIds"":[]},{""criterionId"":""3.3.3"",""status"":""NOT_TESTED"",""confidence"":0,""reasoning"":""No form validation errors are present in the current page content. This criterion requires observing error messages when input errors occur, which cannot be evaluated from a static page snapshot without active form submissions."",""relatedIssueIds"":[]},{""criterionId"":""3.3.4"",""status"":""NOT_TESTED"",""confidence"":0,""reasoning"":""This page is an API documentation and testing interface (httpbin.org). It does not appear to handle legal commitments, financial transactions, or user-controlled data modifications that would require confirmation steps. The criterion is not applicable to this content."",""relatedIssueIds"":[]},{""criterionId"":""4.1.1"",""status"":""AI_VERIFIED_FAIL"",""confidence"":75,""reasoning"":""The HTML contains duplicate ID attributes. The symbols 'unlocked', 'locked', 'close', 'large-arrow', 'large-arrow-down', 'jump-to', and 'expand' are defined twice in the page - once in the main document's SVG defs and again in the React-generated Swagger UI SVG defs. While browsers handle this gracefully, duplicate IDs can cause accessibility issues with ARIA references."",""relatedIssueIds"":[]},{""criterionId"":""4.1.2"",""status"":""AI_VERIFIED_PASS"",""confidence"":75,""reasoning"":""Interactive elements have accessible names and roles. The 'Expand operation' buttons have accessible names via title attributes. The combobox for schemes is properly labeled. Links have descriptive text. The GitHub link has an aria-label. SVG icons within buttons are decorative and the buttons themselves have titles. Custom controls appear to expose appropriate roles and states."",""relatedIssueIds"":[]},{""criterionId"":""4.1.3"",""status"":""NOT_TESTED"",""confidence"":0,""reasoning"":""The page does not display any status messages (success notifications, error alerts, progress indicators, or search results) in its current state. Swagger UI may generate status messages when API calls are made, but these cannot be verified from the static page content."",""relatedIssueIds"":[]}]",0,"claude-opus-4-5-20251101","56"
